{
    "n_estimators": 416,
    "learning_rate": 0.10557295390139326,
    "max_depth": 11,
    "subsample": 0.856215778861346,
    "min_samples_split": 7,
    "min_samples_leaf": 3,
    "max_features": null
}